https://www.youtube.com/@okoi2202/about,https://www.instagram.com/locking_koi,,이메일 주소를 보려면 로그인하세요.,,,,,,,,www.youtube.com/@okoi2202,,구독자 65.5만명,,동영상 314개,,"조회수 333,963,310회",,가입일: 2020. 9. 8.,,대한민국
https://www.youtube.com/@okoi2202/about,https://www.instagram.com/locking_koi,,이메일 주소를 보려면 로그인하세요.,,,,,,,,www.youtube.com/@okoi2202,,구독자 65.5만명,,동영상 314개,,"조회수 333,963,310회",,가입일: 2020. 9. 8.,,대한민국
https://www.youtube.com/@joyseoworld/about,www.instagram.com/joyseodiary,,,,,,,,,,www.youtube.com/@joyseoworld,,구독자 102만명,,동영상 731개,,"조회수 612,724,652회",,가입일: 2020. 3. 4.,,대한민국
https://www.youtube.com/@joyseoworld/about,www.instagram.com/joyseodiary,,,,,,,,,,www.youtube.com/@joyseoworld,,구독자 102만명,,동영상 731개,,"조회수 612,724,652회",,가입일: 2020. 3. 4.,,대한민국
https://www.youtube.com/@youchi0_0/about,"https://www.instagram.com/youchi0_0/, https://cafe.naver.com/godokhanyouchi",,이메일 주소를 보려면 로그인하세요.,,,,,,,,www.youtube.com/@youchi0_0,,구독자 1.01만명,,동영상 59개,,"조회수 1,438,617회",,가입일: 2022. 11. 15.,,대한민국
https://www.youtube.com/@youchi0_0/about,"https://www.instagram.com/youchi0_0/, https://cafe.naver.com/godokhanyouchi",,이메일 주소를 보려면 로그인하세요.,,,,,,,,www.youtube.com/@youchi0_0,,구독자 1.01만명,,동영상 59개,,"조회수 1,438,617회",,가입일: 2022. 11. 15.,,대한민국
https://www.youtube.com/@WydoePodcast/about,"https://m.soundcloud.com/wydoe, https://m.facebook.com/WYDOE/?tsid=0.5402316402178258&source=typeahead, https://mobile.twitter.com/wydoee, https://www.instagram.com/wydoe/",,이메일 주소를 보려면 로그인하세요.,,,,,,,,www.youtube.com/@WydoePodcast,,구독자 2.24만명,,동영상 278개,,"조회수 36,572,594회",,가입일: 2015. 10. 5.,,미국
https://www.youtube.com/@WydoePodcast/about,"https://m.soundcloud.com/wydoe, https://m.facebook.com/WYDOE/?tsid=0.5402316402178258&source=typeahead, https://mobile.twitter.com/wydoee, https://www.instagram.com/wydoe/",,이메일 주소를 보려면 로그인하세요.,,,,,,,,www.youtube.com/@WydoePodcast,,구독자 2.24만명,,동영상 278개,,"조회수 36,572,594회",,가입일: 2015. 10. 5.,,미국
https://www.youtube.com/@SharkZhan/about,"https://www.instagram.com/sharkzhanwa/, https://www.tiktok.com/@sharkzhan",,,,,,,,,,www.youtube.com/@SharkZhan,,구독자 106만명,,동영상 345개,,"조회수 1,277,650,286회",,가입일: 2017. 7. 30.,,미국
https://www.youtube.com/@SharkZhan/about,"https://www.instagram.com/sharkzhanwa/, https://www.tiktok.com/@sharkzhan",,,,,,,,,,www.youtube.com/@SharkZhan,,구독자 106만명,,동영상 345개,,"조회수 1,277,650,286회",,가입일: 2017. 7. 30.,,미국
https://www.youtube.com/@%EB%9A%9C%EC%95%84%EB%9A%9C%EC%A7%80TV/about,"https://goo.gl/v4Zp8Y, https://inpk.link/dduddu",,이메일 주소를 보려면 로그인하세요.,,,,,,,,www.youtube.com/@뚜아뚜지TV,,구독자 146만명,,"동영상 2,207개",,"조회수 1,187,134,047회",,가입일: 2016. 12. 22.,,대한민국
https://www.youtube.com/@%EB%9A%9C%EC%95%84%EB%9A%9C%EC%A7%80TV/about,"https://goo.gl/v4Zp8Y, https://inpk.link/dduddu",,이메일 주소를 보려면 로그인하세요.,,,,,,,,www.youtube.com/@뚜아뚜지TV,,구독자 146만명,,"동영상 2,207개",,"조회수 1,187,134,047회",,가입일: 2016. 12. 22.,,대한민국
https://www.youtube.com/@%EB%A0%9B%EC%B8%A0%EA%B5%90%EC%9A%B0/about,Links section not found
https://www.youtube.com/@%EB%A0%9B%EC%B8%A0%EA%B5%90%EC%9A%B0/about,Links section not found
https://www.youtube.com/@joyseoworld/about,www.instagram.com/joyseodiary,,,,,,,,,,www.youtube.com/@joyseoworld,,구독자 102만명,,동영상 731개,,"조회수 612,724,652회",,가입일: 2020. 3. 4.,,대한민국
